t,phase,fan1_temp,fan1_duty,fan1_rpm,fan2_temp,fan2_duty,fan2_rpm
0.08,idle,75,43,3699,62,44,3661
0.66,idle,75,43,3686,62,44,3655
1.23,idle,76,43,3699,62,44,3661
1.81,idle,76,43,3699,62,44,3661
2.39,idle,76,43,3699,62,44,3648
2.95,idle,76,43,3699,62,44,3648
3.53,idle,76,43,3686,62,44,3648
4.12,idle,76,43,3686,62,44,3648
4.69,idle,76,43,3686,62,44,3661
5.28,idle,76,43,3686,61,44,3661
5.86,idle,76,43,3699,61,44,3667
6.44,idle,75,43,3699,61,44,3667
7.02,idle,75,43,3705,61,44,3648
7.59,idle,75,43,3692,61,44,3636
8.23,idle,75,43,3692,61,44,3636
8.81,idle,75,43,3699,61,40,3636
9.39,idle,75,43,3699,61,40,3636
9.97,idle,75,43,3692,61,40,3390
10.70,load,75,43,3699,61,40,3380
11.36,load,75,43,3699,61,40,3380
12.11,load,75,43,3699,61,36,3390
12.75,load,75,43,3699,61,36,3390
13.42,load,75,43,3724,61,36,3120
14.17,load,75,43,3699,61,32,3116
14.94,load,75,43,3699,61,32,3116
15.61,load,75,43,3731,61,32,2815
16.34,load,75,43,3724,61,32,2819
17.00,load,75,43,3724,61,32,2819
17.66,load,75,43,3737,61,27,2822
18.33,load,75,43,3718,61,27,2420
19.00,load,75,43,3718,61,27,2420
19.67,load,78,43,3731,61,25,2428
20.38,load,81,43,3718,61,25,2265
21.09,load,81,43,3718,62,25,2265
21.75,load,88,43,3724,62,25,2270
22.41,load,90,43,3737,62,25,2267
23.11,load,90,43,3737,62,24,2267
23.77,load,90,43,3731,62,28,2205
24.53,load,91,43,3731,63,28,2205
25.19,load,91,43,3718,63,28,2507
25.84,load,91,43,3737,63,28,2516
26.56,load,91,43,3737,64,28,2516
27.27,load,92,43,3724,64,32,2522
27.95,load,92,43,3718,64,32,2833
28.69,load,92,43,3718,64,32,2833
29.39,load,92,43,3724,65,37,2833
30.14,load,93,43,3705,65,37,3185
30.22,cool,93,43,3705,65,37,3185
30.80,cool,94,43,3705,65,37,3185
31.38,cool,94,43,3705,65,37,3204
31.95,cool,94,43,3692,65,40,3194
32.53,cool,94,43,3692,66,40,3194
33.11,cool,94,43,3699,66,40,3401
33.69,cool,94,43,3699,66,40,3401
34.27,cool,94,43,3705,66,42,3401
34.84,cool,94,43,3705,67,42,3401
35.42,cool,94,43,3692,67,42,3529
36.00,cool,94,43,3692,67,42,3529
36.58,cool,94,43,3686,67,42,3518
37.16,cool,94,43,3686,67,42,3518
37.73,cool,94,43,3699,67,42,3512
38.31,cool,94,43,3699,67,42,3570
38.89,cool,94,43,3699,67,42,3570
39.47,cool,94,43,3705,67,43,3576
40.05,cool,94,43,3705,67,43,3576
40.62,cool,90,43,3705,67,43,3624
41.20,cool,90,43,3705,67,43,3624
41.78,cool,86,43,3705,67,43,3630
42.38,cool,86,43,3705,67,43,3630
42.95,cool,83,43,3699,67,44,3624
43.53,cool,82,43,3699,67,44,3661
44.11,cool,82,43,3699,66,44,3661
44.69,cool,82,43,3692,66,44,3648
45.25,cool,82,43,3692,66,44,3648
45.83,cool,80,43,3699,66,44,3667
46.41,cool,80,43,3699,66,44,3667
46.98,cool,80,43,3699,66,44,3661
47.56,cool,80,43,3699,66,44,3661
48.16,cool,80,43,3686,66,44,3648
48.73,cool,80,43,3686,66,44,3648
49.30,cool,80,43,3705,66,44,3661
49.88,cool,80,43,3699,66,44,3655
50.45,cool,80,43,3699,66,44,3655
51.03,cool,80,43,3699,66,44,3655
51.69,cool,80,43,3699,66,44,3655
52.27,cool,80,43,3705,66,44,3661
52.84,cool,80,43,3705,66,44,3661
53.41,cool,80,43,3680,66,44,3655
54.00,cool,80,43,3680,66,44,3655
54.56,cool,80,43,3705,66,44,3661
55.14,cool,80,43,3705,66,44,3648
55.73,cool,80,43,3705,66,44,3648
56.31,cool,81,43,3705,66,44,3655
56.89,cool,81,43,3705,66,44,3655
57.47,cool,83,43,3686,66,44,3642
58.05,cool,83,43,3686,66,44,3642
58.62,cool,81,43,3699,66,44,3667
59.19,cool,81,43,3699,66,44,3667
59.78,cool,80,43,3686,66,44,3680
60.34,cool,80,43,3686,66,44,3680
60.92,cool,80,43,3699,66,44,3686
61.50,cool,80,43,3699,66,44,3686
62.08,cool,78,43,3705,66,44,3692
62.66,cool,78,43,3686,66,44,3673
63.23,cool,78,43,3686,66,44,3673
63.81,cool,78,43,3699,66,44,3680
64.39,cool,78,43,3699,66,44,3680
64.97,cool,78,43,3699,66,44,3686
65.55,cool,78,43,3699,66,44,3686
66.12,cool,78,43,3699,66,44,3692
66.70,cool,78,43,3699,66,44,3692
67.28,cool,78,43,3686,66,44,3673
67.86,cool,78,43,3686,66,44,3673
68.44,cool,78,43,3692,66,44,3692
69.02,cool,78,43,3692,66,44,3692
69.59,cool,78,43,3699,66,44,3699
70.17,cool,78,43,3699,65,44,3699
70.75,cool,78,43,3699,65,44,3699
71.34,cool,78,43,3705,65,44,3680
71.92,cool,78,43,3705,65,44,3680
72.50,cool,78,43,3699,65,44,3673
73.08,cool,78,43,3699,65,44,3673
73.66,cool,78,43,3699,65,44,3699
74.23,cool,78,43,3699,65,44,3699
74.89,cool,78,43,3692,65,44,3692
75.47,cool,78,43,3692,65,44,3692
76.05,cool,78,43,3699,65,44,3673
76.62,cool,78,43,3705,65,44,3692
77.20,cool,78,43,3705,65,44,3692
77.78,cool,78,43,3699,65,44,3680
78.36,cool,78,43,3699,65,44,3680
78.94,cool,78,43,3686,65,44,3692
79.52,cool,78,43,3686,65,44,3692
80.09,cool,78,43,3692,65,44,3680
80.67,cool,78,43,3692,65,44,3680
81.25,cool,78,43,3686,65,44,3680
81.83,cool,78,43,3686,65,44,3680
82.41,cool,78,43,3699,65,44,3680
82.98,cool,78,43,3680,65,44,3680
83.56,cool,78,43,3680,65,44,3680
84.14,cool,78,43,3699,65,44,3692
84.72,cool,78,43,3699,65,44,3692
85.30,cool,78,43,3705,65,44,3673
85.88,cool,78,43,3705,65,44,3673
86.45,cool,77,43,3705,65,44,3673
87.03,cool,77,43,3705,65,44,3673
87.61,cool,77,43,3692,65,44,3673
88.19,cool,77,43,3692,65,44,3673
88.77,cool,77,43,3699,65,44,3680
89.34,cool,77,43,3699,64,44,3680
89.98,cool,77,43,3699,64,44,3680
90.56,cool,77,43,3705,64,44,3692
91.14,cool,77,43,3705,64,44,3692
91.72,cool,77,43,3692,64,44,3673
92.30,cool,77,43,3692,64,44,3673
92.89,cool,77,43,3686,64,44,3680
93.47,cool,77,43,3686,64,44,3680
94.05,cool,77,43,3718,64,44,3686
94.62,cool,77,43,3718,64,44,3686
95.20,cool,77,43,3692,64,44,3680
95.78,cool,77,43,3692,64,44,3680
96.36,cool,77,43,3705,64,44,3680
96.94,cool,77,43,3705,64,44,3680
97.52,cool,77,43,3705,64,44,3680
98.09,cool,77,43,3718,64,44,3680
98.67,cool,77,43,3718,64,44,3680
99.25,cool,77,43,3692,64,44,3699
99.81,cool,77,43,3692,64,44,3699
100.39,cool,77,43,3699,64,44,3680
101.00,cool,77,43,3699,64,44,3680
101.58,cool,77,43,3686,64,44,3673
102.17,cool,77,43,3686,64,44,3673
102.75,cool,77,43,3699,64,44,3686
103.34,cool,77,43,3705,64,44,3686
103.92,cool,77,43,3705,64,44,3686
104.52,cool,77,43,3705,64,44,3680
105.17,cool,77,43,3705,64,44,3680
105.75,cool,77,43,3686,64,44,3680
106.33,cool,77,43,3686,64,44,3680
106.91,cool,77,43,3705,64,44,3680
107.47,cool,77,43,3705,64,44,3680
108.05,cool,77,43,3705,64,44,3692
108.64,cool,77,43,3705,63,44,3692
109.22,cool,77,43,3686,63,44,3692
109.80,cool,77,43,3699,63,44,3680
110.38,cool,77,43,3699,63,44,3680
110.95,cool,78,43,3692,63,44,3692
111.53,cool,78,43,3692,63,44,3692
112.09,cool,77,43,3686,63,44,3692
112.69,cool,77,43,3686,63,44,3692
113.27,cool,77,43,3705,63,44,3680
113.84,cool,77,43,3705,63,44,3680
114.41,cool,77,43,3705,63,44,3699
114.98,cool,77,43,3705,63,44,3699
115.56,cool,77,43,3699,63,44,3680
116.14,cool,77,43,3699,63,44,3680
116.72,cool,77,43,3692,63,44,3680
117.30,cool,77,43,3699,63,44,3680
117.88,cool,77,43,3699,63,44,3680
118.45,cool,77,43,3686,63,44,3680
119.03,cool,77,43,3686,63,44,3680
119.61,cool,77,43,3711,63,44,3680
120.19,cool,77,43,3711,63,44,3680
120.77,cool,77,43,3680,63,44,3692
121.34,cool,77,43,3680,63,44,3692
121.92,cool,77,43,3686,63,44,3692
122.48,cool,77,43,3686,63,44,3692
123.06,cool,77,43,3705,63,44,3692
123.64,cool,77,43,3705,63,44,3692
124.22,cool,77,43,3686,63,44,3680
124.80,cool,77,43,3686,63,44,3692
125.38,cool,77,43,3686,63,44,3692
125.95,cool,77,43,3705,63,44,3680
126.53,cool,77,43,3705,63,44,3680
127.11,cool,77,43,3699,63,44,3680
127.69,cool,77,43,3699,63,44,3680
128.27,cool,77,43,3686,63,44,3680
128.84,cool,77,43,3686,63,44,3680
129.42,cool,77,43,3705,63,44,3686
130.00,cool,77,43,3705,63,44,3686
130.58,cool,77,43,3692,63,44,3692
131.16,cool,77,43,3692,63,44,3692
131.73,cool,77,43,3686,63,44,3686
132.34,cool,77,43,3699,63,44,3699
132.92,cool,77,43,3699,63,44,3699
133.50,cool,77,43,3692,63,44,3680
134.08,cool,77,43,3692,63,44,3680
134.66,cool,78,43,3699,63,44,3686
135.23,cool,78,43,3699,63,44,3686
135.81,cool,78,43,3686,63,44,3680
136.47,cool,78,43,3686,63,44,3680
137.05,cool,77,43,3705,63,44,3686
137.61,cool,77,43,3692,63,44,3680
138.19,cool,77,43,3692,63,44,3680
138.77,cool,77,43,3692,63,44,3680
139.34,cool,77,43,3692,64,44,3680
139.92,cool,77,43,3686,64,44,3686
140.55,cool,77,43,3686,64,44,3686
141.12,cool,77,43,3686,64,44,3686
141.70,cool,77,43,3686,64,44,3686
142.28,cool,77,43,3686,64,44,3680
142.86,cool,77,43,3686,64,44,3680
143.44,cool,77,43,3699,64,44,3686
144.02,cool,77,43,3705,64,44,3680
144.64,cool,77,43,3705,64,44,3680
145.22,cool,77,43,3699,64,44,3680
145.78,cool,77,43,3699,64,44,3680
146.36,cool,77,43,3692,64,44,3680
146.94,cool,77,43,3692,64,44,3680
147.58,cool,77,43,3686,64,44,3673
148.14,cool,77,43,3686,63,44,3673
148.73,cool,76,43,3699,63,44,3692
149.31,cool,76,43,3699,63,44,3692
149.88,cool,76,43,3699,63,44,3680
150.45,cool,76,43,3692,63,44,3680
151.03,cool,76,43,3692,63,44,3680
151.62,cool,76,43,3705,63,44,3680
152.20,cool,76,43,3705,63,44,3680
152.80,cool,76,43,3705,63,44,3680
153.38,cool,76,43,3705,63,44,3680
153.95,cool,76,43,3692,63,44,3680
154.53,cool,76,43,3692,63,44,3680
155.11,cool,76,43,3686,63,44,3686
155.69,cool,76,43,3686,63,44,3686
156.27,cool,76,43,3705,63,44,3686
156.84,cool,76,43,3686,63,44,3699
157.42,cool,76,43,3686,63,44,3699
158.00,cool,76,43,3692,63,44,3692
158.58,cool,76,43,3692,62,44,3692
159.16,cool,76,43,3686,62,44,3680
159.72,cool,76,43,3686,62,44,3680
160.30,cool,76,43,3686,62,44,3692
160.89,cool,76,43,3686,62,44,3692
161.47,cool,77,43,3699,62,44,3673
162.03,cool,77,43,3699,62,44,3673
162.61,cool,77,43,3705,62,44,3680
163.19,cool,77,43,3705,62,44,3680
163.77,cool,77,43,3686,62,44,3680
164.34,cool,76,43,3711,62,44,3680
164.92,cool,76,43,3711,62,44,3680
165.52,cool,76,43,3705,62,44,3673
166.09,cool,76,43,3705,62,44,3673
166.67,cool,76,43,3686,62,44,3686
167.28,cool,76,43,3686,62,44,3686
167.88,cool,76,43,3699,62,44,3680
168.47,cool,76,43,3699,62,44,3680
169.06,cool,76,43,3692,62,44,3680
169.66,cool,76,43,3692,62,44,3680
170.23,cool,76,43,3705,62,44,3692
170.80,cool,76,43,3705,62,44,3692
171.38,cool,76,43,3686,62,44,3673
171.97,cool,76,43,3686,62,44,3686
172.55,cool,76,43,3686,62,44,3686
173.14,cool,76,43,3692,62,44,3686
173.73,cool,76,43,3692,62,44,3686
174.31,cool,76,43,3686,62,44,3673
174.89,cool,76,43,3686,62,44,3673
175.48,cool,76,43,3705,62,44,3686
176.06,cool,76,43,3705,62,44,3686
176.64,cool,76,43,3699,62,44,3692
177.22,cool,76,43,3699,62,44,3692
177.88,cool,76,43,3692,62,44,3680
178.47,cool,76,43,3699,61,44,3673
179.05,cool,76,43,3699,61,44,3673
179.62,cool,75,43,3692,61,44,3692
180.20,cool,75,43,3692,61,44,3692
